,index,Filename,Date,JDate,Julian,TTR,WordCount,UniqueWords,MLU,Fillers,NSNouns,LIVerbs,$,'',",",.,:,CC,CD,DT,EX,IN,JJ,JJR,JJS,MD,NN,NNP,NNPS,NNS,PDT,POS,PRP,PRP$,RB,RBR,RP,TO,UH,VB,VBD,VBG,VBN,VBP,VBZ,WDT,WP,WRB,``,RBS,FW,WP$,Nouns,Nouns/100,NounsNormalised,Adjectives,Adjectives/100,AdjectivesNormalised,Adverbs,Adverbs/100,AdverbsNormalised,Verbs,Verbs/100,VerbsNormalised,Pronouns,PronounsNormalised
0,0,Reagan - Speech1 - Edited.txt,29/01/1981,1981-01-29,2444633.5,0.2882032667876588,2755.0,794.0,23.852713178294568,10.0,9.0,131.0,0.0,2.0,192.0,129.0,5.0,106.0,24.0,293.0,14.0,348.0,136.0,4.0,2.0,66.0,304.0,104.0,6.0,100.0,4.0,2.0,246.0,28.0,185.0,3.0,15.0,110.0,7.0,184.0,57.0,54.0,71.0,153.0,62.0,25.0,21.0,9.0,2.0,3.0,0.0,1.0,514.0,5.14,0.18656987295825772,142.0,1.42,0.051542649727767696,191.0,1.91,0.06932849364791288,581.0,5.81,0.21088929219600727,274.0,0.09945553539019963
1,1,Reagan - Speech2 - Edited.txt,06/03/1981,1981-03-06,2444669.5,0.2620533182076007,3526.0,924.0,24.2875,10.0,9.0,121.0,2.0,5.0,197.0,160.0,4.0,132.0,34.0,383.0,21.0,458.0,173.0,6.0,7.0,81.0,418.0,81.0,5.0,140.0,5.0,3.0,327.0,38.0,223.0,5.0,11.0,114.0,6.0,189.0,87.0,102.0,87.0,192.0,96.0,38.0,31.0,19.0,5.0,1.0,0.0,0.0,644.0,6.44,0.18264322178105502,186.0,1.86,0.052750992626205334,229.0,2.29,0.06494611457742484,753.0,7.53,0.2135564378899603,365.0,0.10351673284174702
2,2,Reagan - Speech3 - Edited.txt,16/06/1981,1981-06-16,2444771.5,0.2768086931655705,3497.0,968.0,23.62576687116564,16.0,8.0,117.0,1.0,2.0,189.0,164.0,0.0,134.0,48.0,381.0,11.0,442.0,194.0,7.0,9.0,67.0,399.0,117.0,4.0,146.0,4.0,2.0,306.0,40.0,220.0,3.0,14.0,121.0,1.0,175.0,84.0,82.0,96.0,184.0,113.0,42.0,27.0,19.0,2.0,1.0,0.0,0.0,666.0,6.66,0.19044895624821276,210.0,2.1,0.0600514726908779,224.0,2.24,0.06405490420360309,734.0,7.34,0.20989419502430653,346.0,0.09894195024306549
3,3,Reagan - Speech5 - Edited.txt,10/11/1981,1981-11-10,2444918.5,0.2672556598564329,3622.0,968.0,24.570552147239265,13.0,10.0,140.0,3.0,4.0,218.0,163.0,6.0,144.0,32.0,397.0,20.0,496.0,194.0,16.0,6.0,74.0,452.0,84.0,6.0,133.0,4.0,2.0,306.0,58.0,205.0,2.0,14.0,118.0,4.0,196.0,59.0,78.0,106.0,191.0,125.0,43.0,19.0,22.0,4.0,1.0,0.0,0.0,675.0,6.75,0.18636112644947542,216.0,2.16,0.05963556046383214,208.0,2.08,0.05742683600220872,755.0,7.55,0.20844837106570954,364.0,0.10049696300386526
4,4,Reagan - Speech6 - Edited.txt,17/12/1981,1981-12-17,2444955.5,0.2540311921755221,3783.0,961.0,25.005988023952092,9.0,13.0,134.0,2.0,3.0,221.0,168.0,9.0,173.0,41.0,432.0,16.0,497.0,182.0,8.0,2.0,94.0,474.0,89.0,3.0,146.0,3.0,4.0,334.0,54.0,240.0,1.0,21.0,102.0,7.0,192.0,120.0,86.0,100.0,173.0,89.0,34.0,34.0,17.0,3.0,1.0,0.0,1.0,712.0,7.12,0.18821041501453872,192.0,1.92,0.05075337034099921,242.0,2.42,0.06397039386730108,760.0,7.6,0.20089875759978854,388.0,0.10256410256410256
5,5,Reagan - Speech7 - Edited.txt,19/01/1982,1982-01-19,2444988.5,0.2521808088818398,3783.0,954.0,22.868131868131872,23.0,14.0,147.0,4.0,2.0,196.0,182.0,7.0,134.0,30.0,399.0,21.0,500.0,194.0,13.0,5.0,82.0,430.0,82.0,0.0,138.0,2.0,3.0,366.0,35.0,244.0,5.0,13.0,114.0,5.0,189.0,122.0,106.0,123.0,211.0,114.0,40.0,32.0,16.0,2.0,1.0,0.0,0.0,650.0,6.5,0.1718213058419244,212.0,2.12,0.05604017975151996,250.0,2.5,0.06608511763150939,865.0,8.65,0.22865450700502246,401.0,0.10600052868094105
6,6,Reagan - Speech8 - Edited.txt,18/02/1982,1982-02-18,2445018.5,0.2765300393037619,3562.0,985.0,23.78787878787879,14.0,15.0,119.0,2.0,4.0,197.0,165.0,4.0,135.0,32.0,378.0,28.0,483.0,172.0,11.0,4.0,76.0,438.0,143.0,4.0,151.0,4.0,9.0,276.0,49.0,226.0,4.0,19.0,115.0,14.0,199.0,120.0,93.0,63.0,152.0,73.0,33.0,30.0,15.0,4.0,0.0,0.0,0.0,736.0,7.36,0.20662549129702415,187.0,1.87,0.05249859629421673,230.0,2.3,0.06457046603032005,700.0,7.0,0.1965188096574958,325.0,0.09124087591240876
7,7,Reagan - Speech9 - Edited.txt,31/03/1982,1982-03-31,2445059.5,0.2897995283018868,3392.0,983.0,24.175324675324674,8.0,13.0,113.0,9.0,2.0,177.0,154.0,4.0,118.0,83.0,352.0,29.0,448.0,186.0,14.0,6.0,72.0,412.0,91.0,2.0,147.0,5.0,8.0,280.0,37.0,192.0,5.0,29.0,91.0,11.0,157.0,76.0,105.0,82.0,181.0,77.0,39.0,24.0,14.0,2.0,1.0,0.0,1.0,652.0,6.52,0.19221698113207547,206.0,2.06,0.0607311320754717,198.0,1.98,0.05837264150943396,678.0,6.78,0.19988207547169812,317.0,0.09345518867924528
8,8,Reagan - Speech10 - Edited.txt,13/05/1982,1982-05-13,2445102.5,0.24428429423459244,4024.0,983.0,23.71657754010695,17.0,18.0,150.0,2.0,3.0,223.0,187.0,5.0,143.0,46.0,475.0,42.0,510.0,218.0,7.0,3.0,79.0,505.0,94.0,2.0,150.0,6.0,4.0,320.0,49.0,255.0,5.0,25.0,131.0,10.0,203.0,117.0,82.0,113.0,196.0,133.0,49.0,24.0,12.0,3.0,4.0,0.0,0.0,751.0,7.51,0.18663021868787277,228.0,2.28,0.05666003976143141,264.0,2.64,0.06560636182902585,844.0,8.44,0.20974155069582506,369.0,0.09169980119284295
9,9,Reagan - Speech11 - Edited.txt,30/06/1982,1982-06-30,2445150.5,0.2555269922879177,3890.0,994.0,23.41208791208791,10.0,14.0,115.0,2.0,4.0,187.0,182.0,7.0,170.0,37.0,451.0,42.0,514.0,202.0,8.0,2.0,71.0,448.0,115.0,5.0,171.0,6.0,3.0,313.0,62.0,235.0,5.0,5.0,124.0,7.0,194.0,137.0,56.0,131.0,174.0,98.0,41.0,25.0,22.0,3.0,2.0,0.0,0.0,739.0,7.39,0.18997429305912597,212.0,2.12,0.0544987146529563,242.0,2.42,0.062210796915167094,790.0,7.9,0.20308483290488433,375.0,0.09640102827763496
10,10,Reagan - Speech12 - Edited.txt,28/07/1982,1982-07-28,2445178.5,0.2636125654450262,3820.0,1007.0,22.684491978609625,10.0,11.0,138.0,1.0,1.0,234.0,187.0,2.0,166.0,38.0,390.0,26.0,474.0,203.0,9.0,0.0,87.0,415.0,155.0,4.0,136.0,2.0,5.0,350.0,41.0,228.0,8.0,22.0,130.0,8.0,211.0,110.0,96.0,107.0,189.0,113.0,32.0,33.0,24.0,1.0,4.0,0.0,0.0,710.0,7.1,0.18586387434554974,212.0,2.12,0.05549738219895288,240.0,2.4,0.06282722513089005,826.0,8.26,0.2162303664921466,391.0,0.10235602094240838
11,11,Reagan - Speech13 - Edited.txt,28/09/1982,1982-09-28,2445240.5,0.2602813852813853,3696.0,962.0,25.87974683544304,14.0,12.0,118.0,6.0,2.0,234.0,158.0,7.0,140.0,58.0,381.0,31.0,512.0,192.0,20.0,6.0,61.0,437.0,117.0,6.0,148.0,3.0,2.0,293.0,38.0,242.0,2.0,13.0,102.0,8.0,172.0,110.0,94.0,105.0,202.0,96.0,37.0,32.0,20.0,2.0,0.0,0.0,0.0,708.0,7.08,0.19155844155844157,218.0,2.18,0.058982683982683984,244.0,2.44,0.06601731601731602,779.0,7.79,0.21076839826839827,331.0,0.08955627705627706
12,12,Reagan - Speech14 - Edited.txt,11/11/1982,1982-11-11,2445284.5,0.2562141491395793,3661.0,938.0,22.27624309392265,11.0,13.0,141.0,3.0,0.0,189.0,181.0,6.0,151.0,50.0,420.0,26.0,498.0,186.0,8.0,3.0,89.0,413.0,112.0,7.0,150.0,0.0,5.0,302.0,33.0,224.0,8.0,22.0,100.0,10.0,218.0,60.0,96.0,86.0,185.0,109.0,37.0,29.0,15.0,0.0,1.0,0.0,0.0,682.0,6.82,0.18628789948101612,197.0,1.97,0.05381043430756624,233.0,2.33,0.0636438131658017,754.0,7.54,0.205954657197487,335.0,0.09150505326413548
13,13,Reagan - Speech15 - Edited.txt,05/01/1983,1983-01-05,2445339.5,0.2647887323943662,3550.0,940.0,23.65060240963855,5.0,16.0,143.0,2.0,5.0,207.0,166.0,4.0,134.0,40.0,383.0,23.0,459.0,168.0,12.0,11.0,79.0,422.0,76.0,2.0,144.0,5.0,1.0,308.0,39.0,232.0,5.0,20.0,118.0,6.0,208.0,73.0,89.0,96.0,208.0,104.0,38.0,15.0,17.0,5.0,1.0,1.0,0.0,644.0,6.44,0.18140845070422534,191.0,1.91,0.05380281690140845,238.0,2.38,0.06704225352112676,778.0,7.78,0.2191549295774648,347.0,0.09774647887323944
14,14,Reagan - Speech16 - Edited.txt,16/02/1983,1983-02-16,2445381.5,0.264,3500.0,924.0,24.1625,15.0,8.0,145.0,4.0,3.0,205.0,160.0,4.0,130.0,38.0,361.0,20.0,460.0,171.0,10.0,4.0,83.0,374.0,102.0,5.0,135.0,2.0,4.0,320.0,40.0,244.0,3.0,20.0,126.0,2.0,216.0,80.0,89.0,102.0,167.0,100.0,27.0,33.0,18.0,3.0,1.0,0.0,0.0,616.0,6.16,0.176,185.0,1.85,0.05285714285714286,248.0,2.48,0.07085714285714285,754.0,7.54,0.21542857142857144,360.0,0.10285714285714286
15,15,Reagan - Speech17 - Edited.txt,17/05/1983,1983-05-17,2445471.5,0.2672612197928654,3476.0,929.0,22.13714285714286,20.0,13.0,119.0,7.0,4.0,219.0,175.0,6.0,149.0,41.0,380.0,22.0,453.0,163.0,11.0,5.0,54.0,400.0,121.0,9.0,141.0,3.0,5.0,284.0,48.0,209.0,3.0,25.0,114.0,9.0,155.0,100.0,84.0,114.0,184.0,90.0,37.0,26.0,20.0,4.0,0.0,0.0,0.0,671.0,6.71,0.1930379746835443,179.0,1.79,0.05149597238204833,212.0,2.12,0.06098964326812428,727.0,7.27,0.20914844649021863,332.0,0.09551208285385501
16,16,Reagan - Speech18 - Edited.txt,28/06/1983,1983-06-28,2445513.5,0.2565692353114851,3387.0,869.0,20.55191256830601,10.0,31.0,112.0,4.0,5.0,186.0,183.0,7.0,139.0,46.0,351.0,26.0,421.0,142.0,8.0,2.0,56.0,358.0,120.0,8.0,138.0,1.0,3.0,328.0,43.0,212.0,2.0,17.0,93.0,11.0,147.0,166.0,78.0,87.0,174.0,94.0,41.0,40.0,19.0,5.0,0.0,0.0,0.0,624.0,6.24,0.18423383525243578,152.0,1.52,0.0448774726896959,214.0,2.14,0.06318275760259817,746.0,7.46,0.2202539120165338,371.0,0.10953646294656037
17,17,Reagan - Speech19 - Edited.txt,26/07/1983,1983-07-26,2445541.5,0.2640113798008535,3515.0,928.0,23.93827160493827,16.0,15.0,138.0,0.0,2.0,200.0,162.0,4.0,149.0,25.0,367.0,35.0,451.0,165.0,6.0,2.0,59.0,376.0,129.0,3.0,143.0,1.0,3.0,301.0,54.0,238.0,3.0,25.0,112.0,4.0,190.0,78.0,84.0,103.0,194.0,107.0,38.0,38.0,23.0,2.0,2.0,0.0,0.0,651.0,6.51,0.1852062588904694,173.0,1.73,0.0492176386913229,243.0,2.43,0.06913229018492176,756.0,7.56,0.2150782361308677,355.0,0.10099573257467995
18,18,Reagan - Speech20 - Edited.txt,19/10/1983,1983-10-19,2445626.5,0.2777449822904368,3388.0,941.0,23.204968944099374,12.0,15.0,114.0,1.0,0.0,186.0,161.0,5.0,150.0,20.0,369.0,22.0,448.0,162.0,5.0,4.0,73.0,407.0,83.0,4.0,130.0,2.0,3.0,290.0,53.0,218.0,6.0,27.0,92.0,4.0,180.0,81.0,98.0,103.0,186.0,86.0,36.0,22.0,19.0,0.0,0.0,0.0,0.0,624.0,6.24,0.18417945690672963,171.0,1.71,0.050472255017709564,224.0,2.24,0.06611570247933884,734.0,7.34,0.2166469893742621,343.0,0.1012396694214876
19,19,Reagan - Speech21 - Edited.txt,20/12/1983,1983-12-20,2445688.5,0.2459698387935517,3846.0,946.0,22.19270833333333,12.0,18.0,136.0,0.0,3.0,221.0,192.0,9.0,170.0,13.0,418.0,43.0,490.0,206.0,11.0,2.0,76.0,424.0,111.0,7.0,148.0,5.0,5.0,342.0,52.0,253.0,4.0,17.0,118.0,10.0,208.0,120.0,99.0,123.0,176.0,94.0,39.0,24.0,25.0,3.0,0.0,0.0,0.0,690.0,6.9,0.1794071762870515,219.0,2.19,0.05694227769110764,257.0,2.57,0.06682267290691628,820.0,8.2,0.21320852834113366,394.0,0.10244409776391056
20,20,Reagan - Speech22 - Edited.txt,22/02/1984,1984-02-22,2445752.5,0.24258373205741626,4180.0,1014.0,23.79896907216495,14.0,10.0,148.0,5.0,1.0,242.0,194.0,9.0,184.0,45.0,458.0,24.0,561.0,195.0,14.0,6.0,70.0,462.0,122.0,5.0,182.0,3.0,3.0,354.0,55.0,271.0,9.0,26.0,125.0,7.0,203.0,156.0,115.0,119.0,211.0,83.0,40.0,35.0,19.0,1.0,3.0,0.0,0.0,771.0,7.71,0.18444976076555025,215.0,2.15,0.05143540669856459,283.0,2.83,0.06770334928229665,887.0,8.87,0.21220095693779906,409.0,0.09784688995215311
21,21,Reagan - Speech23 - Edited.txt,04/04/1984,1984-04-04,2445794.5,0.2611324903793293,3638.0,950.0,24.66257668711657,15.0,17.0,110.0,9.0,5.0,219.0,163.0,6.0,152.0,47.0,410.0,22.0,474.0,195.0,4.0,4.0,62.0,422.0,105.0,3.0,139.0,7.0,2.0,302.0,42.0,223.0,5.0,12.0,124.0,5.0,184.0,141.0,100.0,91.0,161.0,94.0,27.0,28.0,22.0,5.0,3.0,0.0,1.0,669.0,6.69,0.1838922484881803,203.0,2.03,0.05579989004947773,231.0,2.31,0.06349642660802639,771.0,7.71,0.2119296316657504,344.0,0.09455744914788346
22,22,Reagan - Speech24 - Edited.txt,22/05/1984,1984-05-22,2445842.5,0.271889400921659,3472.0,944.0,23.763975155279503,16.0,13.0,144.0,1.0,1.0,191.0,161.0,8.0,141.0,36.0,351.0,21.0,442.0,169.0,11.0,4.0,83.0,370.0,115.0,4.0,130.0,10.0,7.0,341.0,46.0,246.0,4.0,21.0,100.0,5.0,193.0,97.0,78.0,87.0,199.0,83.0,39.0,15.0,15.0,1.0,0.0,0.0,0.0,619.0,6.19,0.17828341013824886,184.0,1.84,0.052995391705069124,250.0,2.5,0.07200460829493087,737.0,7.37,0.2122695852534562,387.0,0.11146313364055299
23,23,Reagan - Speech25 - Edited.txt,14/06/1984,1984-06-14,2445865.5,0.2746710526315789,3040.0,835.0,18.89444444444445,7.0,21.0,99.0,0.0,2.0,181.0,179.0,3.0,120.0,30.0,343.0,26.0,408.0,139.0,21.0,5.0,62.0,357.0,58.0,2.0,145.0,5.0,3.0,280.0,33.0,182.0,4.0,17.0,90.0,16.0,144.0,82.0,74.0,89.0,181.0,62.0,26.0,22.0,8.0,2.0,0.0,0.0,0.0,562.0,5.62,0.18486842105263157,165.0,1.65,0.054276315789473686,186.0,1.86,0.06118421052631579,632.0,6.32,0.20789473684210527,313.0,0.10296052631578947
24,24,Reagan - Speech26 - Edited.txt,24/07/1984,1984-07-24,2445905.5,0.27400119260584377,3354.0,919.0,23.851612903225806,6.0,11.0,121.0,3.0,2.0,187.0,155.0,7.0,143.0,46.0,354.0,21.0,431.0,139.0,10.0,6.0,52.0,402.0,117.0,2.0,131.0,2.0,3.0,295.0,44.0,197.0,6.0,13.0,119.0,6.0,156.0,101.0,96.0,95.0,173.0,101.0,39.0,22.0,18.0,2.0,1.0,0.0,0.0,652.0,6.52,0.19439475253428742,155.0,1.55,0.04621347644603459,204.0,2.04,0.06082289803220036,722.0,7.22,0.21526535480023853,339.0,0.10107334525939177
25,25,Reagan - Speech27 - Edited.txt,09/01/1985,1985-01-09,2446074.5,0.2533515731874145,3655.0,926.0,21.83333333333333,13.0,15.0,131.0,0.0,5.0,219.0,186.0,2.0,147.0,29.0,375.0,22.0,470.0,188.0,20.0,4.0,80.0,379.0,93.0,5.0,168.0,7.0,7.0,338.0,39.0,248.0,3.0,29.0,126.0,9.0,210.0,106.0,97.0,81.0,194.0,82.0,36.0,33.0,18.0,5.0,1.0,0.0,0.0,645.0,6.45,0.17647058823529413,212.0,2.12,0.058002735978112174,252.0,2.52,0.06894664842681258,770.0,7.7,0.2106703146374829,377.0,0.10314637482900137
26,26,Reagan - Speech28 - Edited.txt,21/02/1985,1985-02-21,2446117.5,0.269267364414843,3153.0,849.0,25.492647058823533,9.0,8.0,111.0,3.0,2.0,178.0,136.0,2.0,150.0,18.0,357.0,13.0,427.0,144.0,5.0,1.0,62.0,400.0,63.0,5.0,140.0,4.0,3.0,279.0,37.0,161.0,0.0,17.0,97.0,8.0,162.0,101.0,102.0,76.0,168.0,67.0,33.0,31.0,12.0,2.0,0.0,1.0,0.0,608.0,6.08,0.19283222327941643,150.0,1.5,0.047573739295908656,161.0,1.61,0.05106248017760863,676.0,6.76,0.2143989850935617,316.0,0.1002220107833809
27,27,Reagan - Speech29 - Edited.txt,21/03/1985,1985-03-21,2446145.5,0.27022900763358776,3275.0,885.0,21.520710059171602,14.0,8.0,122.0,3.0,0.0,188.0,169.0,7.0,148.0,27.0,354.0,20.0,404.0,150.0,8.0,4.0,56.0,329.0,120.0,5.0,117.0,3.0,5.0,326.0,30.0,227.0,1.0,9.0,100.0,11.0,174.0,88.0,80.0,89.0,197.0,95.0,32.0,44.0,17.0,0.0,0.0,0.0,0.0,571.0,5.71,0.17435114503816793,162.0,1.62,0.04946564885496183,228.0,2.28,0.06961832061068703,723.0,7.23,0.22076335877862596,356.0,0.10870229007633588
28,28,Reagan - Speech30 - Edited.txt,10/05/1985,1985-05-10,2446195.5,0.2817987152034261,2335.0,658.0,23.63636363636364,8.0,6.0,77.0,2.0,3.0,154.0,110.0,1.0,94.0,45.0,251.0,13.0,336.0,106.0,8.0,5.0,34.0,263.0,60.0,3.0,78.0,3.0,5.0,223.0,38.0,153.0,0.0,6.0,82.0,4.0,100.0,86.0,58.0,63.0,97.0,68.0,18.0,14.0,10.0,3.0,3.0,0.0,0.0,404.0,4.04,0.17301927194860814,119.0,1.19,0.050963597430406855,156.0,1.56,0.06680942184154176,472.0,4.72,0.20214132762312634,261.0,0.11177730192719486
29,29,Reagan - Speech31 - Edited.txt,18/06/1985,1985-06-18,2446234.5,0.2608695652173913,2921.0,762.0,21.281045751633986,5.0,11.0,126.0,1.0,1.0,182.0,153.0,4.0,123.0,21.0,330.0,20.0,385.0,116.0,2.0,2.0,62.0,308.0,62.0,8.0,95.0,6.0,1.0,323.0,39.0,219.0,2.0,13.0,95.0,13.0,171.0,76.0,69.0,52.0,163.0,77.0,18.0,21.0,20.0,1.0,2.0,0.0,0.0,473.0,4.73,0.16193084560082163,120.0,1.2,0.04108182129407737,223.0,2.23,0.07634371790482711,608.0,6.08,0.2081478945566587,362.0,0.12393016090380007
30,30,Reagan - Speech32 - Edited.txt,17/09/1985,1985-09-17,2446325.5,0.2422444024817912,3707.0,898.0,24.124260355029588,12.0,16.0,135.0,2.0,8.0,201.0,169.0,8.0,153.0,52.0,412.0,18.0,506.0,170.0,14.0,11.0,89.0,408.0,57.0,6.0,156.0,4.0,4.0,366.0,45.0,242.0,7.0,23.0,106.0,7.0,201.0,71.0,82.0,98.0,198.0,102.0,30.0,25.0,17.0,8.0,1.0,0.0,0.0,627.0,6.27,0.16913946587537093,195.0,1.95,0.052603183166981385,250.0,2.5,0.0674399784192069,752.0,7.52,0.20285945508497438,411.0,0.11087132452117615
31,31,Reagan - Speech33 - Edited.txt,07/01/1986,1986-01-07,2446437.5,0.2577289800635654,3461.0,892.0,22.03448275862069,18.0,16.0,142.0,5.0,0.0,198.0,174.0,10.0,156.0,36.0,333.0,14.0,435.0,173.0,14.0,3.0,74.0,354.0,83.0,7.0,138.0,5.0,5.0,357.0,48.0,248.0,3.0,17.0,106.0,10.0,194.0,115.0,91.0,101.0,182.0,72.0,29.0,19.0,25.0,0.0,0.0,0.0,0.0,582.0,5.82,0.1681594914764519,190.0,1.9,0.05489742848887605,251.0,2.51,0.07252239237214678,755.0,7.55,0.21814504478474428,405.0,0.11701820283155158
32,32,Reagan - Speech34 - Edited.txt,11/02/1986,1986-02-11,2446472.5,0.2540570789031897,3574.0,908.0,21.661202185792344,18.0,15.0,127.0,2.0,7.0,206.0,184.0,6.0,158.0,25.0,383.0,21.0,437.0,165.0,7.0,5.0,72.0,380.0,101.0,10.0,147.0,3.0,4.0,368.0,45.0,259.0,2.0,12.0,109.0,4.0,198.0,129.0,86.0,75.0,186.0,79.0,31.0,24.0,26.0,6.0,2.0,0.0,0.0,638.0,6.38,0.17851147174034696,177.0,1.77,0.049524342473419136,263.0,2.63,0.07358701734750979,753.0,7.53,0.210688304420817,413.0,0.11555679910464466
33,33,Reagan - Speech35 - Edited.txt,09/04/1986,1986-04-09,2446529.5,0.2490555855369671,3706.0,923.0,20.78391959798995,19.0,23.0,130.0,2.0,2.0,231.0,199.0,2.0,183.0,37.0,353.0,16.0,479.0,180.0,7.0,1.0,89.0,365.0,75.0,5.0,142.0,3.0,2.0,403.0,53.0,302.0,7.0,18.0,111.0,4.0,197.0,102.0,90.0,94.0,207.0,102.0,18.0,33.0,17.0,2.0,3.0,0.0,0.0,587.0,5.87,0.1583917970858068,188.0,1.88,0.050728548300053966,312.0,3.12,0.08418780356179169,792.0,7.92,0.21370750134916353,456.0,0.12304371289800324
34,34,Reagan - Speech36 - Edited.txt,07/05/1986,1986-05-07,2446557.5,0.2954144620811288,2268.0,670.0,21.921739130434784,5.0,14.0,79.0,0.0,2.0,138.0,115.0,2.0,89.0,27.0,246.0,10.0,300.0,114.0,4.0,1.0,36.0,247.0,40.0,4.0,100.0,4.0,4.0,204.0,20.0,153.0,6.0,7.0,96.0,4.0,127.0,69.0,53.0,64.0,115.0,59.0,30.0,20.0,7.0,2.0,2.0,0.0,0.0,391.0,3.91,0.17239858906525574,119.0,1.19,0.05246913580246913,161.0,1.61,0.07098765432098765,487.0,4.87,0.21472663139329806,224.0,0.09876543209876543
35,35,Reagan - Speech37 - Edited.txt,11/06/1986,1986-06-11,2446592.5,0.24855666970525675,3291.0,818.0,21.790419161676645,9.0,17.0,118.0,2.0,3.0,177.0,168.0,6.0,138.0,29.0,340.0,13.0,435.0,143.0,12.0,4.0,67.0,339.0,73.0,2.0,112.0,4.0,4.0,348.0,25.0,250.0,2.0,11.0,111.0,10.0,189.0,110.0,90.0,89.0,166.0,86.0,41.0,18.0,19.0,3.0,0.0,0.0,0.0,526.0,5.26,0.159829838954725,159.0,1.59,0.04831358249772106,252.0,2.52,0.07657247037374658,730.0,7.3,0.22181707687632937,373.0,0.11333941051352173
36,36,Reagan - Speech38 - Edited.txt,12/08/1986,1986-08-12,2446654.5,0.2414481897627965,4005.0,967.0,24.75418994413408,14.0,19.0,152.0,2.0,1.0,242.0,179.0,8.0,189.0,33.0,415.0,26.0,499.0,168.0,5.0,7.0,94.0,394.0,154.0,6.0,172.0,4.0,7.0,359.0,51.0,275.0,3.0,32.0,156.0,11.0,254.0,142.0,91.0,100.0,173.0,83.0,37.0,36.0,18.0,1.0,4.0,0.0,0.0,726.0,7.26,0.18127340823970037,180.0,1.8,0.0449438202247191,282.0,2.82,0.07041198501872659,843.0,8.43,0.2104868913857678,410.0,0.10237203495630462
37,37,Reagan - Speech39 - Edited.txt,19/11/1986,1986-11-19,2446753.5,0.2385542168674699,3320.0,792.0,21.8,17.0,21.0,118.0,2.0,4.0,214.0,170.0,3.0,156.0,18.0,366.0,28.0,443.0,146.0,6.0,3.0,54.0,341.0,102.0,6.0,134.0,1.0,2.0,337.0,37.0,220.0,1.0,12.0,107.0,5.0,168.0,181.0,77.0,77.0,159.0,62.0,24.0,19.0,15.0,4.0,1.0,1.0,0.0,583.0,5.83,0.17560240963855422,155.0,1.55,0.046686746987951805,222.0,2.22,0.06686746987951807,724.0,7.24,0.21807228915662652,374.0,0.11265060240963855
38,38,Reagan - Speech40 - Edited.txt,19/03/1987,1987-03-19,2446873.5,0.23228674631842175,3599.0,836.0,23.210526315789476,10.0,24.0,134.0,3.0,4.0,196.0,171.0,11.0,149.0,19.0,381.0,22.0,423.0,142.0,8.0,5.0,78.0,355.0,91.0,3.0,123.0,6.0,2.0,401.0,39.0,264.0,7.0,19.0,117.0,5.0,206.0,235.0,96.0,101.0,146.0,46.0,26.0,30.0,34.0,4.0,1.0,0.0,0.0,572.0,5.72,0.15893303695470964,155.0,1.55,0.04306751875520978,272.0,2.72,0.07557654904140039,830.0,8.3,0.2306196165601556,440.0,0.12225618227285356
39,39,Reagan - Speech41 - Edited.txt,11/06/1987,1987-06-11,2446957.5,0.2917956656346749,2584.0,754.0,23.907563025210084,8.0,11.0,80.0,6.0,8.0,139.0,119.0,5.0,124.0,25.0,247.0,16.0,342.0,150.0,5.0,4.0,53.0,285.0,65.0,4.0,90.0,2.0,4.0,245.0,35.0,164.0,3.0,8.0,87.0,2.0,126.0,109.0,68.0,77.0,114.0,55.0,19.0,18.0,13.0,8.0,1.0,0.0,0.0,444.0,4.44,0.17182662538699692,159.0,1.59,0.06153250773993808,168.0,1.68,0.06501547987616099,549.0,5.49,0.21246130030959753,280.0,0.10835913312693499
40,40,Reagan - Speech42 - Edited.txt,22/10/1987,1987-10-22,2447090.5,0.2470684483228797,3667.0,906.0,23.584795321637426,16.0,17.0,134.0,9.0,0.0,192.0,171.0,7.0,152.0,57.0,382.0,16.0,488.0,172.0,14.0,11.0,85.0,385.0,93.0,6.0,126.0,5.0,4.0,376.0,28.0,224.0,2.0,23.0,127.0,8.0,204.0,87.0,95.0,89.0,209.0,93.0,36.0,37.0,18.0,0.0,2.0,0.0,0.0,610.0,6.1,0.16634851377147533,197.0,1.97,0.05372238887373875,228.0,2.28,0.06217616580310881,777.0,7.77,0.2118898281974366,404.0,0.11017180256340332
41,41,Reagan - Speech43 - Edited.txt,24/02/1988,1988-02-24,2447215.5,0.2738301559792028,2885.0,790.0,24.50769230769231,12.0,15.0,113.0,3.0,0.0,168.0,130.0,6.0,146.0,29.0,308.0,18.0,368.0,121.0,8.0,4.0,65.0,299.0,81.0,2.0,111.0,3.0,1.0,267.0,39.0,184.0,4.0,14.0,101.0,5.0,162.0,97.0,75.0,84.0,142.0,75.0,21.0,19.0,24.0,0.0,1.0,1.0,0.0,493.0,4.93,0.1708838821490468,133.0,1.33,0.04610051993067591,189.0,1.89,0.06551126516464471,635.0,6.35,0.22010398613518198,306.0,0.10606585788561525
42,42,Reagan - Speech44 - Edited.txt,01/06/1988,1988-06-01,2447313.5,0.26602904711300035,2823.0,751.0,22.148936170212764,11.0,10.0,118.0,0.0,2.0,153.0,141.0,8.0,126.0,18.0,292.0,18.0,341.0,160.0,0.0,2.0,67.0,319.0,49.0,4.0,104.0,6.0,3.0,285.0,68.0,170.0,3.0,7.0,99.0,3.0,158.0,87.0,55.0,88.0,158.0,62.0,24.0,19.0,17.0,2.0,4.0,1.0,0.0,476.0,4.76,0.16861494863620263,162.0,1.62,0.057385759829968117,177.0,1.77,0.06269925611052073,608.0,6.08,0.21537371590506554,353.0,0.12504427913567126
43,43,Reagan - Speech45 - Edited.txt,21/06/1988,1988-06-21,2447333.5,0.2566026410564225,3332.0,855.0,23.60897435897436,11.0,18.0,137.0,0.0,5.0,194.0,156.0,7.0,163.0,19.0,332.0,32.0,417.0,138.0,14.0,3.0,84.0,367.0,95.0,3.0,114.0,7.0,3.0,336.0,38.0,244.0,0.0,19.0,102.0,7.0,192.0,140.0,86.0,68.0,167.0,58.0,20.0,26.0,22.0,5.0,0.0,0.0,0.0,579.0,5.79,0.17376950780312125,155.0,1.55,0.04651860744297719,244.0,2.44,0.07322929171668667,711.0,7.11,0.21338535414165666,374.0,0.11224489795918367
44,44,Reagan - Speech46 - Edited.txt,08/12/1988,1988-12-08,2447503.5,0.26599113362887905,3158.0,840.0,24.3006993006993,10.0,12.0,112.0,7.0,7.0,171.0,143.0,7.0,121.0,44.0,335.0,29.0,416.0,150.0,16.0,3.0,49.0,326.0,87.0,1.0,123.0,4.0,5.0,293.0,35.0,213.0,2.0,15.0,109.0,11.0,171.0,115.0,69.0,80.0,147.0,98.0,28.0,16.0,20.0,7.0,1.0,1.0,0.0,537.0,5.37,0.1700443318556048,169.0,1.69,0.05351488283723876,216.0,2.16,0.06839772007599747,680.0,6.8,0.21532615579480685,328.0,0.103863204559848
